Keyword,Found,Rank,URL
data science course in coimbatore,Yes,19,https://microcollege.in/data-analytics-science-certification-course/
data analytics course in coimbatore,Yes,4,https://microcollege.in/data-analytics-science-certification-course/
kgisl micro college,Yes,1,https://microcollege.in/
data analytics courses in coimbatore,Yes,7,https://microcollege.in/data-analytics-science-certification-course/
data science training in coimbatore,Yes,23,https://microcollege.in/data-analytics-science-certification-course/
data analytics course in coimbatore colleges,Yes,14,https://microcollege.in/
kgisl microcollege,Yes,1,https://microcollege.in/
data analytics courses coimbatore,Yes,6,https://microcollege.in/data-analytics-science-certification-course/
kgisl micro college fees structure,Yes,1,https://microcollege.in/
kg micro college,Yes,1,https://microcollege.in/
